Country name,Ladder score,upperwhisker,lowerwhisker,Explained by: Log GDP per capita,Explained by: Social support,Explained by: Healthy life expectancy,Explained by: Freedom to make life choices,Explained by: Generosity,Explained by: Perceptions of corruption,Dystopia + residual
Iceland,1.9381038750960362,1.9442788373639623,1.9319070667980438,1.3543453798737128,1.5832345159627872,1.3331254222131037,1.3933474307381253,1.7194390036474538,0.6673010141575223,0.9001111478630308
Israel,1.756915153047605,1.7315537679847577,1.7805061002074603,1.1518636446606285,1.2371753571839548,1.4778545726044925,0.09630650331869021,0.15161822382635023,0.8002475598805515,1.462851980828459
Netherlands,1.7352512841070316,1.709582164574699,1.7601252008587278,1.4062637735180934,1.0674732697058738,1.2541822492723462,0.7083932331121314,1.5551911124281,2.9636504402825707,0.5733584061411697
Australia,1.477254299451114,1.4678945270640533,1.4854683191591425,1.2842555484537992,1.0641457777945393,1.1620818808414624,0.9342823833930446,1.2266953299893928,2.371434009334532,0.20803068796603358
Costa Rica,1.3768127252720923,1.3780106949319952,1.3757996702826303,0.523651081563624,0.7713264895970656,0.9581453507445061,1.2330390015065102,-0.5053733410510645,-0.04577591290236115,1.5422710499969674
Kuwait,1.3728738400101694,1.3869990781452004,1.3593008470003227,1.2608922713138278,0.7413790623950517,0.9581453507445061,1.4516414050041675,0.8534046681272254,0.5464405180456775,0.5234378483781076
Austria,1.3275766594980623,1.3130945939477305,1.3408609856848026,1.3647290586025889,0.6482092888776737,1.188396271821715,0.5480848038805157,1.0624474387700389,2.1538851163332113,0.25568212946713814
Canada,1.3226530529206593,1.311097175455907,1.3321263145353464,1.2479126729027328,1.0574907939718694,1.2212892605470305,0.7448269670284078,1.3013534623618264,2.9153062418378326,-0.18452642535259153
Belgium,1.3167447250277755,1.2881268627999372,1.3437725427346217,1.3205984240048656,0.9942684476565055,1.1489246853513362,0.7375402202451525,0.4054558738926244,2.2264014140003185,0.07415282851054839
Czechia,1.245844790313172,1.2302017265370544,1.260307907306479,1.099945251016248,1.2305203733612848,0.8068376026080543,1.1601715336739578,0.5099772592140309,-0.7105086415175067,0.4644408255672164
Lithuania,1.241905905051249,1.2232107618156725,1.2583668692732666,1.0558146164185247,1.0408533344151945,0.5436936928055291,-0.6906621492728773,-1.4759290618927,-0.13037826018065232,1.4832740271860752
United Kingdom,1.1739601342830877,1.1602920793232319,1.1865484620444,1.2011861186227903,0.6149343697643245,1.0305099259402006,0.6209522717130683,1.8538236419178342,2.709843398447697,-0.12552940254169984
Slovenia,1.1680518063902046,1.1702791717823493,1.165197043679061,1.1077330100629053,1.200572946159271,1.1818176740766517,1.1747450272404683,0.2113447297242971,0.050912483987114655,0.06734547972467653
United Arab Emirates,1.158204593235398,1.1503049868641144,1.165197043679061,1.6191291874600537,0.07588068012806633,0.31344277172831964,1.3642004436051043,0.9877893063976053,1.5858407846075417,0.1989542229182041
United States,1.150326822711553,1.1453114406345548,1.1535508154797858,1.5049087214424164,0.8345488359124289,0.17529221908199466,-0.30446456976034925,1.1968320770404193,0.5101823692121245,0.4984775694965767
Germany,1.1444184948186702,1.1423153128968204,1.1448161443303286,1.3283861830515225,0.8278938520897591,1.2278678582920937,0.5262245635307499,0.4651823797905708,2.9153062418378326,-0.3184042848080767
Mexico,1.104044920883965,1.1083591985358199,1.0992017505498326,0.41981429427486283,0.33209755730085605,0.18844941457212092,0.6865329927623657,-0.8488007499642587,0.0025682855423767516,1.778259141240533
Uruguay,1.0380685927467646,1.0234689126333205,1.0526168377527296,0.6145082704412903,0.9643210204544914,0.5042221063351503,1.0727305722748945,-0.5501682204745246,1.126570899382532,0.5393216622118094
France,1.0360991501158034,1.012483110928291,1.0584399518523677,1.1908024398939143,0.6881391918136929,1.3923328019186718,0.16188722436798758,-0.46057846162760435,1.8638199256647847,0.04238520084314518
Saudi Arabia,1.0213283303835947,1.03445471433835,1.0070024439722336,1.253104512267171,0.7313965866610466,-0.028644311014962294,1.1601715336739578,-0.43071520867863095,0.7398173118246292,0.31014091975411506
Kosovo,0.9888325269727345,0.9945063445018796,0.9827394685570755,0.012254904166476108,0.45188726610891267,0.5502722905505922,0.8104076880777051,1.659712497749507,-0.6500783934615845,1.3652799815642918
Taiwan Province of China,0.9317186906748597,0.924596697288057,0.9390661128097918,1.253104512267171,0.681484207991023,0.8857807755488117,0.1546004775847323,-1.117570026505019,0.9090220063812118,0.21256892048994833
Romania,0.9199020348890921,0.9196031510584975,0.9196557324776652,0.88188799770985,0.31546009774418104,0.4450147266295822,0.6500992588460893,-1.52072394131616,-1.4598437174109435,1.2631697497762102
El Salvador,0.8982381659485195,0.9265941157798804,0.8691887436141376,-0.24474114437320807,-0.2036286404240668,0.22134240329743657,1.3714871903883594,-0.8935956293877186,1.5254105365516193,1.7487606298350875
Poland,0.871650690430543,0.8407051206314688,0.9002453521455395,0.9831288653163919,0.9177361336958024,0.8134162003531173,-0.20245011479477554,-0.923458882336692,0.5826986668792309,0.3124100360160722
Spain,0.8509715428054504,0.8297193189264394,0.8701592626307442,1.0558146164185247,1.0974206969078886,1.4054899974087982,-0.06400192591292557,-0.3560570763061976,0.6068707661015998,-0.2571381457352274
Serbia,0.8411243296506438,0.849693503844675,0.8323090209830977,0.46394492887258665,0.8312213440010944,0.4581719221197084,0.256614932550306,0.8534046681272254,-0.31166900434841927,0.6323554289520614
Chile,0.7909035425611337,0.775789019647205,0.8061050075347272,0.6664266640856709,0.758016521951726,1.0370885236852636,0.16917397115124283,-0.3859203292551708,-0.6259062942392155,0.4644408255672164
Panama,0.7889340999301718,0.8167360987295866,0.7614611327708377,0.8896757567565068,0.8345488359124289,0.7739446138827386,0.6719594991958552,-1.1922281588774526,-1.0126598817971184,0.34644677994543305
Malta,0.7771174441444051,0.7578122532207927,0.794458779335452,1.2141657170338853,1.0075784153018452,1.2607608470174094,0.7229667266786419,1.5999859918515602,-0.0216038136799922,-0.8766068852495897
Italy,0.7554535752038315,0.7638045086962635,0.7459328285051368,1.1440758856139717,0.6215893535869943,1.3462826177032299,-0.8363970849379826,-0.46057846162760435,-0.6379923438503999,0.280642408348669
Guatemala,0.7190188865310493,0.7847774028604103,0.6547040409441436,-0.25772074278430296,0.09251813968474133,-0.3181026117977396,0.781260700944684,-0.5650998469490114,-0.5896481454056621,1.8599473266709985
Nicaragua,0.7160647225846074,0.7608083809585281,0.672173383243057,-0.6808556509860044,0.40530237935022373,0.17529221908199466,1.2038920143734892,-0.1470143056633836,1.5012384373292504,1.2472859359425084
Brazil,0.7042480667988406,0.7178638833843224,0.6906132445585769,0.18358560319293146,0.42526733081823326,0.21476380555237343,0.41692336178192174,-0.19180918508684375,0.18385902971014356,0.940955240578264
Slovakia,0.6894772470666309,0.6599387471214405,0.717787777023554,0.9000594354853829,1.3270176387899981,0.8068376026080543,-0.45019950542545445,-0.6994844852193915,-0.8313691376293514,-0.000728008134044639
Latvia,0.6668286568105775,0.6419619806950291,0.6915837635751836,0.8844839173920688,1.2205378976272805,0.3200213694733828,0.2784751729000718,-0.23660406451030389,-0.5896481454056621,-0.14368233263735883
Uzbekistan,0.6284245255068341,0.6309761789899996,0.6255884704459541,-0.38232488753081634,0.8412038197350987,0.1555564258468053,1.5099353792702095,1.614917618326047,1.0661406513266096,0.21710715301386307
Argentina,0.6215314762984694,0.633972306727735,0.6090896471636474,0.5262470012458433,0.7979464248877451,0.4581719221197084,0.3877763746489007,-0.8338691234897719,-0.5654760461832932,0.36006147751717726
Kazakhstan,0.6215314762984694,0.6060084478422053,0.6352936606120179,0.6820021821789851,1.0508358101491995,0.2673925875128785,0.7666872073781735,0.0918917179284034,-0.08203406173591458,-0.2321778668536966
Cyprus,0.5033649184407969,0.5101323602346772,0.4965094412373153,1.1285003675206575,0.2522377514288178,1.504168963584745,-0.7198091364058984,-0.281398943933764,-0.9401435841300115,-0.09603089113625426
Japan,0.49548714791695214,0.4721814088900302,0.5178608596026543,1.1077330100629053,0.7081041432817025,1.7738914711323333,0.03072578226939285,-1.7894932178569207,1.1144848497713475,-0.890221582821334
South Korea,0.49351770528599115,0.4761762458736768,0.5100967074698038,1.1830146808472568,0.12246556688675529,1.6752125049563864,-0.5303537200412616,-0.2515356909847906,0.3772358234890952,-0.44774391173964667
Philippines,0.4836704921311853,0.4941530123000891,0.4722464658221581,-0.3304064938864357,0.015985825724037638,-0.48914615316938087,1.4443546582209121,-0.6546896057959314,0.11134273204303703,1.1655977505120432
Vietnam,0.4787468855537824,0.4661891534145594,0.49068632713767807,-0.07341044534675215,0.41861234699556343,0.1555564258468053,1.5682293535362517,-0.729347738168365,0.40140792271146414,0.35552324499326254
Portugal,0.46594550845253463,0.46219431643091285,0.46836438975573247,0.9571696684942016,0.7546890300403915,1.2081320650569043,0.9415691301762998,-1.4311341824692398,-1.109348278686594,-0.5816217711951314
Hungary,0.4531441313512869,0.4522072239717946,0.4538066045066382,0.9415941504008875,1.287087735853979,0.5305364973154029,-0.34089830367662555,-0.2963305704082507,-0.7225946911286911,-0.5748144224092595
Paraguay,0.41375527873206275,0.41325756338123626,0.4130448058091734,0.10051617336192252,0.8877887064937877,0.22134240329743657,1.167458280457213,-0.17687755861235702,-0.7467667903510601,-0.03703386832536259
Thailand,0.4127705574165818,0.4222459465944425,0.4033396156431097,0.323765266032759,0.6848116999023576,0.6884228431969179,0.9342823833930446,2.092729665509621,-1.2422948244096232,-0.4318600979059448
Malaysia,0.4117858361011009,0.4062665986598543,0.41692688187559823,0.7443042545522413,0.006003349990033226,0.1621350235918684,1.466214898570678,1.2416269564638795,-0.09412011134709906,-0.4091689352863711
China,0.40981639347013993,0.38928854147935404,0.42954362909148014,0.3575122219016067,0.3254425734781862,0.747630222902486,0.555371550663771,-0.1619459321378703,0.44975212115620206,-0.10283823992212612
Honduras,0.404892786892737,0.4422201315126772,0.36840093104528304,-0.6964311690793186,-0.35336577643413886,-0.08785169072053045,0.6719594991958552,0.4801140062650575,-0.5533899965721086,1.612613654117645
Bahrain,0.39603029505341125,0.48116979210323546,0.3140518661153298,0.18747948271626014,0.3204513356111836,0.2246317021699685,0.09630650331869021,-0.0947536130026801,-0.07599103693032234,-0.02001549636068268
Croatia,0.37929003269024153,0.3753066120365892,0.38295871629437733,0.910443114214259,1.0109059072131805,0.8002590048629911,-1.157013943401214,-1.177296532402966,-1.0126598817971184,-0.17998819282867679
Greece,0.37141226216639667,0.35533242711835444,0.3858702733441964,0.8429492024765644,0.44855977419757814,1.188396271821715,-2.1188645187909074,-1.864151350229354,-0.4083574012378951,0.40090557023240997
Bosnia and Herzegovina,0.31528314718400197,0.30739438331459,0.3227865372647869,0.2744427920705978,0.5883144344736451,0.4713291176098347,-0.04942843234641504,1.5402594859536134,-1.5323600150780503,-0.030226519539490727
Libya,0.30445121271371517,0.31538405728188407,0.29464148578320404,0.43279389268595825,-0.13707880219736826,0.22792100104249968,-0.26074408906081764,-0.47551008810209106,0.9331941056035804,0.298795338444328
Jamaica,0.2808179011421807,0.38729112298753077,0.17623816575723383,-0.20580234913992235,0.6082793859416546,0.33975716270857215,0.14002698401822178,-0.8040058705407985,-1.1939506259648853,0.5756275224031273
Peru,0.27983317982670064,0.27443697819950164,0.28493629561714034,0.030426341942009025,0.12912055070942516,0.9647239484895693,-0.09314891304594661,-0.9682537617601522,-1.1818645763537008,0.5756275224031273
Dominican Republic,0.26210819614805,0.29540987236364846,0.2296167116705813,0.4094306155459867,0.43524980655223844,-0.028644311014962294,0.7448269670284078,-0.8488007499642587,0.8365057087141049,-0.32067340107003384
Mauritius,0.2552151469396852,0.2554615025271781,0.2558207251189517,0.5470143587035956,0.7214141109270421,-0.16679486366128798,0.09630650331869021,-0.2963305704082507,-0.10620616095828353,-0.30932781976024726
Moldova,0.2552151469396852,0.2584576302649135,0.25193864905252605,0.06676921749307543,0.45188726610891267,0.17529221908199466,0.48979082961447357,-0.9831853882346389,-1.0005738321859339,0.3214865010639017
Russia,0.22468878615978682,0.18754927380517888,0.2616438392185889,0.7339205758233651,0.6981216675476973,0.10292764388630027,-0.5595007071742826,-0.07235617329095004,-0.0699480121247301,-0.4590894930494333
Bolivia,0.22370406484430588,0.2235028066580018,0.22476411658754988,-0.3693452891197209,0.1257930587980906,-0.17995205915141424,0.6646727524125998,-0.6397579793214447,-0.795110988795798,0.8320376600043101
Ecuador,0.16560550723095016,0.17856089059197272,0.15197519034207665,-0.11494516026225661,0.03262328528071264,0.8199947980981804,-0.158729634095244,-0.8338691234897719,-0.5896481454056621,0.4372114304237279
Kyrgyzstan,0.15477357276066428,0.12363188206682629,0.18400231789008428,-0.7924801973214224,1.1173856483758982,0.47790771535489784,1.5026486324869543,1.2266953299893928,-1.1697785267425165,-0.3365572149037357
Montenegro,0.1478805235522995,0.14360606698506193,0.15197519034207665,0.5496102783858143,0.5883144344736451,0.4713291176098347,0.03072578226939285,-0.4904417145765778,0.06299853359829913,-0.6723864216734262
Mongolia,0.13704858908201276,0.11164737111588562,0.16265089952474615,-0.016300212337933502,1.2305203733612848,-0.7588686607169688,-0.9238380463370457,1.4058748476832328,-0.8676272864629049,-0.030226519539490727
Colombia,0.1360638677665327,0.13461768377185576,0.1374174050929815,0.20175704096846495,0.33209755730085605,0.8726235800586855,0.118166743668456,-1.0578435206070724,-0.819283088018167,-0.13006763506561458
Bulgaria,-0.09239147742496741,-0.10207640750923111,-0.08289041167664969,0.700173619954518,1.0907657130852186,0.33975716270857215,-0.0567151791296703,-0.8935956293877186,-1.4598437174109435,-1.2827786961399585
Armenia,-0.10026924794881223,-0.11106479072243727,-0.08968404479289438,0.21992847874399787,0.04260576101471705,0.5765866815308447,0.16188722436798758,-1.3714076765712933,0.5585265676568619,-0.6224658639103641
South Africa,-0.13276505135967248,-0.12205059242746585,-0.143062590706241,0.07715289622195155,0.758016521951726,-1.2719992848318924,-0.6615151621398563,-0.9682537617601522,-1.1214343282977786,0.09003664234425024
North Macedonia,-0.1849552810801444,-0.2029460413463187,-0.16732556612139904,0.3004019888927881,0.45188726610891267,0.3529143581986984,-0.3481850504598808,0.763814909280305,-1.3510692709102834,-0.892490699083291
Algeria,-0.1898788876575473,-0.1949563673790246,-0.18576542743691812,-0.09158188312228506,0.16572296173410972,0.3463357604536353,-2.774671729283881,-0.7741426175918251,0.8848499071588428,0.20349245544211883
Albania,-0.2489621665863831,-0.23090990023184751,-0.2663185058152418,0.2043529606506837,-0.722717378592315,0.8068376026080543,0.45335709569819727,-0.07235617329095004,-0.9401435841300115,-0.5112791670744531
Tajikistan,-0.2716107568424375,-0.3098079306588771,-0.23429137826723417,0.18747948271626014,0.3204513356111836,0.2246317021699685,0.09630650331869021,-0.0947536130026801,-0.07599103693032234,-0.02001549636068268
Congo (Brazzaville),-0.3306940357712733,-0.27485310705196536,-0.3837513068246054,-1.2130191858409047,-1.7276199358154622,-1.3772568487529024,-0.76352961710543,-0.281398943933764,0.13551483126540598,2.18670006839286
Mozambique,-0.33561764234867625,-0.264866014592848,-0.4031616871567311,-2.0748645203376217,-0.859144546957047,-2.3640465105123707,0.7302534734618973,0.2262763561987838,0.8365057087141049,2.002901651174313
Georgia,-0.3661440031285755,-0.3877072518399936,-0.34493054616035307,0.2796346314350358,-0.5031029124442102,0.05687745967085837,0.38048962786564544,-2.132920626770115,0.5706126172680465,-0.6905393517690852
Iraq,-0.3848537081227062,-0.3877072518399936,-0.3818102687913921,-0.28627585928871196,-0.48313796097620065,-0.11416608170078296,-1.4776308018644453,-0.027561293867490313,-0.9522296337411961,0.3532541287313049
Nepal,-0.39273147864655106,-0.38071628711861166,-0.4031616871567311,-1.023517049038916,-0.5031029124442102,-0.47598895767925464,0.18374746471775336,0.9877893063976053,-0.1424643097918368,0.2942571059204132
Laos,-0.4114411836406826,-0.40967885525005254,-0.41286687732279403,-0.39270856625969247,-0.9822617476764394,-0.6075609125805171,1.225752254723255,0.4054558738926244,0.48601026998975544,-0.28209842461675877
Gabon,-0.4439369870515429,-0.427655621676464,-0.4594517901198968,0.11349577177301796,-0.34338330070013373,-1.1272701344405038,-0.8145368445882168,-1.4609974354182134,-0.32375505395960374,0.015155805699656714
Ivory Coast,-0.46953974125403836,-0.44663109734878753,-0.4914789176679053,-0.7249862855837276,-1.874029579914199,-1.4956716081640387,-0.5886476943073037,-0.3411254498317109,0.44975212115620206,1.4741975621382457
Guinea,-0.5256688562364331,-0.5045562336116693,-0.5448574635812519,-1.3713702864562656,-1.7276199358154622,-1.837758690907321,-0.7781031106719405,1.002720932872092,-0.2391527066813126,1.9144061169579754
Senegal,-0.578843807272385,-0.5744658808254928,-0.5836782242455042,-1.1221619969632388,-1.298373479253257,-0.8114974426774738,-0.1514428873119887,0.13668659735186353,-0.6984225919063222,0.9477625893641364
Iran,-0.624140987784493,-0.6463729465311394,-0.6021180855610242,0.1965652016040269,-0.017289093389311633,0.36607155368882466,-1.9075488620765053,1.3760115947342595,-0.04577591290236115,-1.3531213002606373
Azerbaijan,-0.6536826272489114,-0.6523652020066102,-0.654526112457765,0.19137336223958884,-0.8824369903363916,-0.12732327719090922,0.2930486664665823,-0.46057846162760435,0.8727638575476584,-1.2328581383768964
Nigeria,-0.6654992830346782,-0.6523652020066102,-0.6778185688563164,-0.8236312335080508,-0.22026609998074181,-1.7061867360060585,-0.45019950542545445,0.868336294601712,-1.3027250724655455,0.15584101394101377
State of Palestine,-0.6674687256656401,-0.6643497129575509,-0.6690838977068594,0.18747948271626014,0.3204513356111836,0.2246317021699685,0.09630650331869021,-0.0947536130026801,-0.07599103693032234,-0.02001549636068268
Cameroon,-0.672392332243043,-0.6743368054166682,-0.6690838977068594,-1.0806272820477347,-0.94898682856309,-1.4956716081640387,-0.7781031106719405,-0.2515356909847906,-0.8071970384069824,0.9681846357217525
Ukraine,-0.6733770535585231,-0.6823264793839623,-0.6642313026238279,-0.0240879713845903,0.5783319587396399,-0.015487115524836037,0.023439035486137585,2.122592918458594,-1.2302087747984387,-2.0429326438956776
Namibia,-0.7137506274932282,-0.7122877567613153,-0.7156688105039621,-0.24214522469098876,0.23560029187214282,-1.3706782510078392,-1.149727196617959,-1.1026384000305325,-0.795110988795798,-0.4704350743592204
Morocco,-0.7501853161660104,-0.7582283820732565,-0.7428433429689392,-0.379728967848597,-2.230071214427036,-0.13390187493597233,0.023439035486137585,-1.5057923148416732,-0.5413039469609242,0.47124817435308824
Pakistan,-0.8860768577023335,-0.8910567117795204,-0.8806570433270343,-0.7535414020881372,-1.8008247578648306,-1.2785778825769556,-0.6250814282235799,0.017233585555969825,-0.6379923438503999,0.5756275224031273
Niger,-0.9855337105658744,-0.9579702312556083,-1.0107065915522797,-2.0411175644687747,-1.5446078806920411,-1.4627786194387231,-0.09314891304594661,0.03216521203045654,0.24428927776606593,1.0294507747946018
Burkina Faso,-0.9934114810897192,-0.9839366716493139,-1.0019719204028228,-1.5660642626226926,-1.5179879454013618,-1.587771976594922,-1.0549994884356404,0.4502507533160841,0.6310428653239688,0.7843862185032056
Mauritania,-1.0357544976553852,-0.9969198918461666,-1.0728198086150835,-0.7301781249481657,-1.4514381071746636,-0.7588686607169688,-2.075144038091376,-0.1470143056633836,0.8606778079364739,-0.009804473181874128
Gambia,-1.055448923964997,-1.044857935649931,-1.066026175498839,-1.5816397807160067,-1.5213154373126967,-1.2193705028713873,-1.2298814112337664,2.704926350963576,-0.9522296337411961,0.5370525459498517
Chad,-1.0692350223817255,-1.0398643894203723,-1.096112265013635,-1.9632399740022037,-1.118688916041171,-2.0811668074746565,-1.579645256830019,1.1221739446679857,-0.16663640901420573,1.0634875187239616
Kenya,-1.0702197436972065,-1.074819213027284,-1.066026175498839,-0.8366108319191462,-0.819214644021028,-1.0680627547349357,-0.792676604238451,2.0777980390351343,-0.6984225919063222,-0.7654201884136782
Tunisia,-1.1174863668402755,-1.164703045159342,-1.0718492895984768,-0.1383084374022276,-0.6195651293409327,0.4187003356493297,-2.723664501801094,-1.774561591382434,-1.31481112207673,-0.835762792534357
Uganda,-1.1667224326143055,-1.1686978821429888,-1.1640485961760758,-1.524529547707188,0.03262328528071264,-0.9364907998336732,-0.29717782297709394,0.5249088856885177,-0.8797133360740893,-0.9015671641311206
Cambodia,-1.1972487933942038,-1.223626890668136,-1.1708422292923206,-0.9041047436568409,-0.40660564701549773,-0.48256755542431773,1.713964289201357,0.4054558738926244,-0.6742504926839534,-2.0157032487521893
Ghana,-1.2484543017991956,-1.2735623529637239,-1.2232502561890606,-0.732774044630385,-1.3116834468985967,-1.0220125705194938,-0.03485493877990451,0.5995670180609513,-1.1939506259648853,-0.8629921876778455
Liberia,-1.2681487281088073,-1.1956630317826065,-1.3387420191652117,-1.9217052590866992,-1.557917848337381,-1.410149837478218,-0.5959344410905589,0.5249088856885177,-0.6259062942392155,0.5098231508063633
Mali,-1.3045834167815895,-1.3224991060133995,-1.286333992268471,-1.5894275397626638,-1.5080054696673575,-1.633822160810364,-0.30446456976034925,-0.3411254498317109,-0.44461555007144854,0.18307040908450226
Madagascar,-1.3085223020435124,-1.3105145950624588,-1.3057443726005966,-1.898341981946728,-1.0587940616371427,-1.199634709636198,-2.752811488934115,0.43531912684159735,-0.04577591290236115,0.5529363597835536
Togo,-1.3223084004602401,-1.3394771631938998,-1.3047738535839908,-1.5608724232582545,-1.8474096446235195,-1.2851564803220186,-1.2736018919332979,-0.23660406451030389,0.3530637242667262,0.364599710041092
Jordan,-1.3498805972936976,-1.363446185095782,-1.3358304621153927,-0.2525289034198649,-0.5263953558235547,0.5173793018252766,-0.2534573422775624,-1.2519546647753996,0.7519033614358136,-2.6079425931230626
India,-1.479863810937137,-1.5462099770976336,-1.4144425024605036,-0.5017371929128916,-1.6244676865640795,-0.647032499050896,1.0144365980088526,0.4651823797905708,-0.057861962513545626,-2.0361252951098057
Bangladesh,-1.6452969919378784,-1.6750434698202505,-1.615339938898009,-0.6159576589305283,-2.9687744187433887,-0.015487115524836037,1.0727305722748945,-0.04249292034197661,0.48601026998975544,-1.6662593444107543
Ethiopia,-1.6699150248248933,-1.6720473420825155,-1.6667774467781433,-1.4726111540628075,-0.7526648057943294,-0.6272967058157065,-1.361042853332361,1.8986185213412945,-0.31166900434841927,-1.6571828793629246
Tanzania,-1.7486927300633415,-1.7519440817554564,-1.745389487123254,-1.399925402960675,-1.4481106152633287,-0.8904406156182313,0.5918052845800472,0.7190200298568449,1.5737547349963572,-2.124620829326143
Yemen,-1.9653314194690743,-1.9546820586755431,-1.9744319750423427,-1.7867174356113098,0.4651972337542524,-1.4627786194387231,-1.9366958492095263,-0.9383905088111788,-0.16663640901420573,-2.0270488300619762
Zambia,-2.02342997708243,-2.03258137985666,-2.0132527357065952,-1.1948477480653716,-1.1053789483958312,-1.6535579540455534,0.7229667266786419,0.3755926209436509,-0.21498060745894365,-2.5580220353600005
Eswatini,-2.02342997708243,-1.9956291377579252,-2.0491619393210283,-0.2707003411953984,-0.7193898866809801,-2.2324745556111085,-2.5050620983034366,-1.2519546647753996,-0.13037826018065232,-2.1949634334468215
Malawi,-2.103192403636359,-2.107484573300042,-2.0976878901513434,-1.9268970984511373,-2.4330482210184665,-1.0943771457151883,-0.41376577150917815,-0.11715105271441018,0.11134273204303703,-1.0218303260148611
Zimbabwe,-2.1819701088748067,-2.211350334874865,-2.1510664360646907,-1.5868316200804446,-0.9689517800310996,-1.8640730818875735,-1.0258525013026194,-0.6994844852193915,0.050912483987114655,-1.9430915283695533
Congo (Kinshasa),-2.2272672893869148,-2.206356788645306,-2.2461772996921088,-2.1423584320753166,-1.5845377836280603,-1.6667151495356798,-1.127866956268193,0.6891567769078715,-0.6621644430727689,-1.2510110684725553
Sierra Leone,-2.2765033551609446,-2.302232876252835,-2.250059375758534,-1.8308480702090333,-1.9139594828502182,-1.725922529241248,-1.157013943401214,0.5697037651119777,-0.8917993856852738,-1.328161021379106
